{
  "project_info": {
    "project_number": "388800315073",
    "project_id": "threads-app-a577b",
    "storage_bucket": "threads-app-a577b.appspot.com"
  },
  "client": [
    {
      "client_info": {
        "mobilesdk_app_id": "1:388800315073:android:49b5363322e9fb58691e40",
        "android_client_info": {
          "package_name": "com.app.threadsapp"
        }
      },
      "oauth_client": [],
      "api_key": [
        {
          "current_key": "AIzaSyAn1WLQG8mqt_Bqtzb5MAausUhuoGh_QX4"
        }
      ],
      "services": {
        "appinvite_service": {
          "other_platform_oauth_client": []
        }
      }
    }
  ],
  "configuration_version": "1"
}